,Service Learning Hours,Part-time Work Hours,Average Course Grade,Department Ranking (PR),Club Leader,Club Participation,Teamwork Score Change
Service Learning Hours,1.0,0.5097918920607943,0.17524251132368987,0.14981912747608428,0.40808503569025895,0.3707835193825872,0.10417744536119006
Part-time Work Hours,0.5097918920607943,1.0,-0.007292520475224203,-0.07872115498697813,0.3205479371513766,0.17222705222597287,0.20636199898195823
Average Course Grade,0.17524251132368987,-0.007292520475224203,1.0,0.9495977166956571,0.040327496532495614,0.2289538015482363,0.1118657815600247
Department Ranking (PR),0.14981912747608428,-0.07872115498697813,0.9495977166956571,1.0,0.10074698818264027,0.2656944979850875,0.17070566520103786
Club Leader,0.40808503569025895,0.3205479371513766,0.040327496532495614,0.10074698818264027,1.0,0.5736133349779414,0.11332388675010514
Club Participation,0.3707835193825872,0.17222705222597287,0.2289538015482363,0.2656944979850875,0.5736133349779414,1.0,0.0817216980178012
Teamwork Score Change,0.10417744536119006,0.20636199898195823,0.1118657815600247,0.17070566520103786,0.11332388675010514,0.0817216980178012,1.0
